<Dictionary><Alphabets>&#2378;&#2304;&#2308;&#2309;&#2310;&#2311;&#2312;&#2313;&#2314;&#2315;&#2316;&#2317;&#2318;&#2319;&#2320;&#2321;&#2322;&#2323;&#2324;&#2325;&#2326;&#2327;&#2328;&#2329;&#2330;&#2331;&#2332;&#2333;&#2334;&#2335;&#2336;&#2337;&#2338;&#2339;&#2340;&#2341;&#2342;&#2343;&#2344;&#2345;&#2346;&#2347;&#2348;&#2349;&#2350;&#2351;&#2352;&#2353;&#2354;&#2355;&#2356;&#2357;&#2358;&#2359;&#2360;&#2361;&#2362;&#2363;&#2365;&#2366;&#2367;&#2397;&#2398;&#2399;&#2400;&#2401;&#2402;&#2403;&#2417;&#2418;&#2419;&#2420;&#2421;&#2422;&#2423;&#2424;&#2425;&#2426;&#2427;&#2428;&#2429;&#2430;</Alphabets><sdefs><sdef n="n" c="noun" /><sdef n="np" c="proper noun" /><sdef n="subj" c="Subject" /><sdef n="org" c="Organisation" /><sdef n="num" c="Numeral" /><sdef n="dat" c="Dative" /><sdef n="adv" c="Adverb" /><sdefs n="det" c="Determiner" /><sdefs n="e" c="Emphasis" /><sdefs n="post" c="Postposition" /><sdefs n="vblex" c="Verb" /><sdefs n="frm" c="formal" /><sdefs n="fam" c="familiar" /><sdefs n="pol" c="Polite" /><sdefs n="ref" c="Reflexive pronoun" /><sdefs n="acc" c="accusative" /><sdefs n="ins" c="Instrumental" /><sdefs n="loc" c="Location" /><sdefs n="rel" c="Relative" /><sdefs n="dem" c="Demonstrative" /><sdefs n="ing" c="Interrogative" /><sdefs n="obj" c="Objective" /><sdefs n="prn" c="pronoun" /><sdefs n="f" c="feminine" /><sdefs n="m" c="masculine" /><sdefs n="mf" c="masculine/feminine" /><sdefs n="nt" c="neuter" /><sdefs n="vaux" c="auxiliar verb" /><sdefs n="sg" c="singular" /><sdefs n="pl" c="plural" /><sdefs n="sp" c="singular/plural" /><sdefs n="nom" c="nominative" /><sdefs n="obl" c="oblique" /><sdefs n="pos" c="possessive" /><sdefs n="qnt" c="quantitative" /><sdefs n="ind" c="indefinite" /><sdefs n="pr" c="preposition" /><sdefs n="1" c="first person" /><sdefs n="2" c="second person" /><sdefs n="3" c="third person" /><sdefs n="inf" c="infinitive" /><sdefs n="pres" c="present tense" /><sdefs n="past" c="past tense" /></sdefs><pardefs><pardef n="numeros"><e><re>[0-9]+</re><p><l /><r><s n="num" /><s n="" /></r></p></e><e><re>[&#2406;&#2407;&#2408;&#2409;&#2410;&#2411;&#2412;&#2413;&#2414;&#2415;]+([.,][&#2406;&#2407;&#2408;&#2409;&#2410;&#2411;&#2412;&#2413;&#2414;&#2415;]+)?</re><p><l /><r><s n="num" /><s n="ord" /></r></p></e><e><re>[&#2406;&#2407;&#2408;&#2409;&#2410;&#2411;&#2412;&#2413;&#2414;&#2415;]+([.,][&#2406;&#2407;&#2408;&#2409;&#2410;&#2411;&#2412;&#2413;&#2414;&#2415;]+)?%</re><p><l /><r><s n="num" /><s n="percent" /></r></p></e></pardef><pardef n="separa"><e><re>[.\?;:!&#2404;&#2405;]</re><p><l /><r><s n="sent" /></r></p></e></pardef><pardef n="guio"><e><re>[&#8212;\-]+</re><p><l /><r><s n="guio" /></r></p></e></pardef><pardef n="coma"><e><re>,</re><p><l /><r><s n="cm" /></r></p></e></pardef><pardef n="&#2354;&#2337;&#2364;&#2367;&#2325;&#2366;_n_m"><e><p><l /><r><s n="XX" /><s n="n" /><s n="m" /><s n="sg" /><s n="3" /><s n="d" /><s n="0" /><s n="0" /></r></p></e><e><p><l>&#2344;</l><r><s n="XX" /><s n="n" /><s n="m" /><s n="pl" /><s n="3" /><s n="d" /><s n="0" /><s n="0" /></r></p></e><e><p><l /><r><s n="XX" /><s n="n" /><s n="m" /><s n="sg" /><s n="3" /><s n="o" /><s n="0" /><s n="0" /></r></p></e><e><p><l>&#2344;</l><r><s n="XX" /><s n="n" /><s n="m" /><s n="pl" /><s n="3" /><s n="o" /><s n="0" /><s n="0" /></r></p></e></pardef><pardef n="&#2352;&#2366;&#2332;&#2366;_n_m"><e><p><l /><r><s n="XX" /><s n="n" /><s n="m" /><s n="sg" /><s n="3" /><s n="d" /><s n="0" /><s n="0" /></r></p></e><e><p><l /><r><s n="XX" /><s n="n" /><s n="m" /><s n="pl" /><s n="3" /><s n="d" /><s n="0" /><s n="0" /></r></p></e><e><p><l /><r><s n="XX" /><s n="n" /><s n="m" /><s n="sg" /><s n="3" /><s n="o" /><s n="0" /><s n="0" /></r></p></e><e><p><l>&#2344;</l><r><s n="XX" /><s n="n" /><s n="m" /><s n="pl" /><s n="3" /><s n="o" /><s n="0" /><s n="0" /></r></p></e></pardef><pardef n="&#2328;&#2352;_n_m"><e><p><l /><r><s n="XX" /><s n="n" /><s n="m" /><s n="sg" /><s n="3" /><s n="d" /><s n="0" /><s n="0" /></r></p></e><e><p><l /><r><s n="XX" /><s n="n" /><s n="m" /><s n="pl" /><s n="3" /><s n="d" /><s n="0" /><s n="0" /></r></p></e><e><p><l /><r><s n="XX" /><s n="n" /><s n="m" /><s n="sg" /><s n="3" /><s n="o" /><s n="0" /><s n="0" /></r></p></e><e><p><l>&#2344;</l><r><s n="XX" /><s n="n" /><s n="m" /><s n="pl" /><s n="3" /><s n="o" /><s n="0" /><s n="0" /></r></p></e></pardef><pardef n="&#2326;&#2352;&#2381;&#2330;_n_m"><e><p><l /><r><s n="XX" /><s n="n" /><s n="m" /><s n="sg" /><s n="3" /><s n="d" /><s n="0" /><s n="0" /></r></p></e><e><p><l /><r><s n="XX" /><s n="n" /><s n="m" /><s n="pl" /><s n="3" /><s n="d" /><s n="0" /><s n="0" /></r></p></e><e><p><l /><r><s n="XX" /><s n="n" /><s n="m" /><s n="sg" /><s n="3" /><s n="o" /><s n="0" /><s n="0" /></r></p></e><e><p><l>&#2344;</l><r><s n="XX" /><s n="n" /><s n="m" /><s n="pl" /><s n="3" /><s n="o" /><s n="0" /><s n="0" /></r></p></e></pardef><pardef n="&#2325;&#2357;&#2367;_n_m"><e><p><l /><r><s n="XX" /><s n="n" /><s n="m" /><s n="sg" /><s n="3" /><s n="d" /><s n="0" /><s n="0" /></r></p></e><e><p><l /><r><s n="XX" /><s n="n" /><s n="m" /><s n="pl" /><s n="3" /><s n="d" /><s n="0" /><s n="0" /></r></p></e><e><p><l /><r><s n="XX" /><s n="n" /><s n="m" /><s n="sg" /><s n="3" /><s n="o" /><s n="0" /><s n="0" /></r></p></e><e><p><l>&#2344;</l><r><s n="XX" /><s n="n" /><s n="m" /><s n="pl" /><s n="3" /><s n="o" /><s n="0" /><s n="0" /></r></p></e></pardef><pardef n="&#2310;&#2342;&#2350;&#2368;_n_m"><e><p><l /><r><s n="XX" /><s n="n" /><s n="m" /><s n="sg" /><s n="3" /><s n="d" /><s n="0" /><s n="0" /></r></p></e><e><p><l /><r><s n="XX" /><s n="n" /><s n="m" /><s n="pl" /><s n="3" /><s n="d" /><s n="0" /><s n="0" /></r></p></e><e><p><l /><r><s n="XX" /><s n="n" /><s n="m" /><s n="sg" /><s n="3" /><s n="o" /><s n="0" /><s n="0" /></r></p></e><e><p><l>&#2310;&#2342;&#2350;&#2367;&#2344;</l><r><s n="XX" /><s n="n" /><s n="m" /><s n="pl" /><s n="3" /><s n="o" /><s n="0" /><s n="0" /></r></p></e></pardef></pardefs></Dictionary>